"";"reads.in";"reads.out"
"Euk_1391f_EukBr-LOM_70_GTCTAGCAGG_R1.fastq";4510;4115
"Euk_1391f_EukBr-LOM_71_GGAACACAGG_R1.fastq";6209;5792
"Euk_1391f_EukBr-LOM_72_TGGTTCGCTG_R1.fastq";4715;4443
"Euk_1391f_EukBr-LOM_73_CACATTAGCG_R1.fastq";7729;6950
"Euk_1391f_EukBr-LOM_74_GAAGCGCACT_R1.fastq";6350;5693
"Euk_1391f_EukBr-LOM_75_GCATGCCAGT_R1.fastq";5960;5550
"Euk_1391f_EukBr-LOM_76_GGAGACTGTA_R1.fastq";7678;7187
"Euk_1391f_EukBr-LOM_77_TCGAACTGCA_R1.fastq";132;120
"Euk_1391f_EukBr-LOM_78_GAGAGGACAT_R1.fastq";5;3
"Euk_1391f_EukBr-LOM_79_GAGCACGGAA_R1.fastq";15;14
"Euk_1391f_EukBr-LOM_80_GCTCTAACAT_R1.fastq";6598;6245
"Euk_1391f_EukBr-LOM_81_TGCTGGCTTG_R1.fastq";4857;4535
"Euk_1391f_EukBr-LOM_82_TGCATGGAGC_R1.fastq";6981;6446
"Euk_1391f_EukBr-LOM_83_GTACTAAGAG_R1.fastq";4506;4074
"Euk_1391f_EukBr-LOM_84_GAAGTCAAGC_R1.fastq";10386;9670
